Workbook

Sheet Summary
A1: Fuzzy wave-activity MPC: effect of the 20 s scheduled-weight lag
A2: All numbers pull from the two data sheets. Green text = link to another sheet.
A4: Scenario | B4: Metric | C4: Unit | D4: MPC fixed | E4: Fuzzy-MPC before lag | F4: Fuzzy-MPC after lag | G4: After lag vs MPC fixed | H4: Before lag vs MPC fixed
A5: S1 calm water | B5: IAE of heading error | C5: deg*s | D5: =Results_post_lag!E6 -> 814.164 | E5: =Results_pre_lag!F6 -> 958.12 | F5: =Results_post_lag!F6 -> 817.003 | G5: =IFERROR((F5-D5)/D5,"") -> 0.0034870124 | H5: =IFERROR((E5-D5)/D5,"") -> 0.1768145
A6: S1 calm water | B6: Mean rudder rate | C6: deg/s | D6: =Results_post_lag!E8 -> 2.215 | E6: =Results_pre_lag!F9 -> 2.507 | F6: =Results_post_lag!F8 -> 2.388 | G6: =IFERROR((F6-D6)/D6,"") -> 0.078103837 | H6: =IFERROR((E6-D6)/D6,"") -> 0.13182844
A7: S2 waves | B7: IAE of heading error | C7: deg*s | D7: =Results_post_lag!E18 -> 313.794 | E7: =Results_pre_lag!F23 -> 266.509 | F7: =Results_post_lag!F18 -> 286.101 | G7: =IFERROR((F7-D7)/D7,"") -> -0.088252165 | H7: =IFERROR((E7-D7)/D7,"") -> -0.15068803
A8: S2 waves | B8: RMS heading error | C8: deg | D8: =Results_post_lag!E19 -> 2.149 | E8: =Results_pre_lag!F24 -> 1.82 | F8: =Results_post_lag!F19 -> 1.963 | G8: =IFERROR((F8-D8)/D8,"") -> -0.086551885 | H8: =IFERROR((E8-D8)/D8,"") -> -0.15309446
A9: S2 waves | B9: Mean rudder rate | C9: deg/s | D9: =Results_post_lag!E20 -> 5.325 | E9: =Results_pre_lag!F26 -> 2.853 | F9: =Results_post_lag!F20 -> 2.903 | G9: =IFERROR((F9-D9)/D9,"") -> -0.45483568 | H9: =IFERROR((E9-D9)/D9,"") -> -0.46422535
A10: Note: 'MPC fixed' is taken from the post-lag run; the fixed-weight controller is unaffected by the change, so the two runs agree to within seed noise.
A12: Scheduled weight actually used (x the fixed value)
A13: S1 calm water | B13: before lag / after lag | D13: =Results_pre_lag!F12 -> 1.18 | E13: =Results_post_lag!F9 -> 0.92
A14: S2 waves | D14: =Results_pre_lag!F29 -> 2.28 | E14: =Results_post_lag!F21 -> 2.49
A17: Findings
A18: 1. In waves the scheduler is a large win over fixed-weight MPC: rudder rate down ~46%, and heading error better too.
A19: 2. Before the lag it also hurt in calm water (IAE 958 vs 818 for fixed MPC) because the weight moved DURING a manoeuvre:
A20: cheap rudder moves at the start of a turn, expensive ones during the settle - backwards for a step response.
A21: 3. MPC@avg (fixed weight set to the scheduler's own average) matched or beat the scheduler everywhere before the lag.
A22: That showed the benefit came from WHICH average weight suits the conditions, not from the weight moving within a run.
A23: 4. After the 20 s lag the scheduler lands within ~4% of MPC@avg without hindsight: 0.92x in calm water, 2.49x in waves.
A24: One controller, one tuning, correct in both conditions - which is the claim a fixed weight cannot make.
A26: Code changes behind the 'after lag' column
A27: a. The scheduled weight passes through a 20 s first-order lag in log space (MP.tauW).
A28: b. checkRuleTable takes a wantSym flag; the wave table is checked with it off, since both its axes are magnitudes.
A29: This removes the spurious 'wave rule table is not point-symmetric' warning.
... A34: d. Re-run the full multi-seed set in MATLAB before quoting the post-lag numbers; S1 and S2 above are single-seed.

Sheet Results_pre_lag
A1: Controller comparison - BEFORE the scheduled-weight lag
A2: Source: user's MATLAB command window run. Blue cells are measured simulation outputs; black cells are formulas.
A4: S1 Course changes, calm water (1 seed(s))
A5: Metric | B5: Unit | C5: PID mean | D5: Fuzzy-PID mean | E5: MPC mean | F5: Fuzzy-MPC mean | G5: MPC@avg mean | H5: PID sd | I5: Fuzzy-PID sd | J5: MPC sd | K5: Fuzzy-MPC sd | L5: MPC@avg sd | M5: Fuzzy-MPC vs MPC | N5: Fuzzy-MPC vs MPC@avg
A6: IAE of heading error | B6: deg*s | C6: 536.418 | D6: 484.4 | E6: 817.919 | F6: 958.12 | G6: 844.052 | H6: 0 | I6: 0 | J6: 0 | K6: 0 | L6: 0 | M6: =IFERROR((F6-E6)/E6,"") -> 0.17141184 | N6: =IFERROR((F6-G6)/G6,"") -> 0.13514333
A7: RMS heading error | B7: deg | C7: 6.481 | D7: 6.582 | E7: 7.152 | F7: 7.907 | G7: 7.234 | H7: 0 | I7: 0 | J7: 0 | K7: 0 | L7: 0 | M7: =IFERROR((F7-E7)/E7,"") -> 0.10556488 | N7: =IFERROR((F7-G7)/G7,"") -> 0.0930329
A8: RMS rudder angle | B8: deg | C8: 5.737 | D8: 5.364 | E8: 7.875 | F8: 8.88 | G8: 7.637 | H8: 0 | I8: 0 | J8: 0 | K8: 0 | L8: 0 | M8: =IFERROR((F8-E8)/E8,"") -> 0.12761905 | N8: =IFERROR((F8-G8)/G8,"") -> 0.16276025
A9: Mean rudder rate | B9: deg/s | C9: 1.464 | D9: 1.788 | E9: 2.246 | F9: 2.507 | G9: 2.066 | H9: 0 | I9: 0 | J9: 0 | K9: 0 | L9: 0 | M9: =IFERROR((F9-E9)/E9,"") -> 0.11620659 | N9: =IFERROR((F9-G9)/G9,"") -> 0.21345595
A10: Rudder reversals | B10: 1/min | C10: 21.73 | D10: 25.622 | E10: 13.946 | F10: 13.622 | G10: 13.297 | H10: 0 | I10: 0 | J10: 0 | K10: 0 | L10: 0 | M10: =IFERROR((F10-E10)/E10,"") -> -0.023232468 | N10: =IFERROR((F10-G10)/G10,"") -> 0.024441603
A11: Motor effort int(u^2) | B11: duty^2*s | C11: 3.807 | D11: 4.566 | E11: 3.507 | F11: 4.038 | G11: 3.219 | H11: 0 | I11: 0 | J11: 0 | K11: 0 | L11: 0 | M11: =IFERROR((F11-E11)/E11,"") -> 0.15141146 | N11: =IFERROR((F11-G11)/G11,"") -> 0.25442684
A12: Fuzzy-MPC average move-suppression weight | B12: x fixed | F12: 1.18
A14: Step response
A15: Step | B15: PID overshoot % | C15: Fuzzy-PID overshoot % | D15: MPC overshoot % | E15: Fuzzy-MPC overshoot % | F15: MPC@avg overshoot % | G15: PID settling s | H15: Fuzzy-PID settling s | I15: MPC settling s | J15: Fuzzy-MPC settling s | K15: MPC@avg settling s
A16: Step 1 (+30 deg @ 5 s) | B16: 12.5 | C16: 8.8 | D16: 4.6 | E16: 9.7 | F16: 4 | G16: 23.9 | H16: 17.4 | I16: 44.7 | J16: 40.3 | K16: 45.6
A17: Step 2 (-30 deg @ 65 s) | B17: 11.1 | C17: 8.3 | D17: 7.5 | E17: 11.3 | F17: 7 | G17: 22.4 | H17: 17.7 | I17: 43.5 | J17: 38.1 | K17: 40
A18: Step 3 (-30 deg @ 125 s) | B18: 11.9 | C18: 8.5 | D18: 1.8 | E18: 7.5 | F18: 1.4 | G18: 22.2 | H18: 18.5 | I18: 45.6 | J18: 43.9 | K18: 47.3
A21: S2 Course keeping in waves + wind/current step (5 seed(s))
A22: Metric | B22: Unit | C22: PID mean | D22: Fuzzy-PID mean | E22: MPC mean | F22: Fuzzy-MPC mean | G22: MPC@avg mean | H22: PID sd | I22: Fuzzy-PID sd | J22: MPC sd | K22: Fuzzy-MPC sd | L22: MPC@avg sd | M22: Fuzzy-MPC vs MPC | N22: Fuzzy-MPC vs MPC@avg
A23: IAE of heading error | B23: deg*s | C23: 258.959 | D23: 259.308 | E23: 291.028 | F23: 266.509 | G23: 260.845 | H23: 17.06 | I23: 17.575 | J23: 20.664 | K23: 20.791 | L23: 19.102 | M23: =IFERROR((F23-E23)/E23,"") -> -0.084249625 | N23: =IFERROR((F23-G23)/G23,"") -> 0.021714045
A24: RMS heading error | B24: deg | C24: 1.763 | D24: 1.771 | E24: 1.973 | F24: 1.82 | G24: 1.779 | H24: 0.109 | I24: 0.113 | J24: 0.13 | K24: 0.118 | L24: 0.114 | M24: =IFERROR((F24-E24)/E24,"") -> -0.077546883 | N24: =IFERROR((F24-G24)/G24,"") -> 0.023046655
A25: RMS rudder angle | B25: deg | C25: 8.667 | D25: 8.324 | E25: 5.864 | F25: 4.414 | G25: 4.27 | H25: 0.436 | I25: 0.372 | J25: 0.185 | K25: 0.046 | L25: 0.072 | M25: =IFERROR((F25-E25)/E25,"") -> -0.24727149 | N25: =IFERROR((F25-G25)/G25,"") -> 0.033723653
A26: Mean rudder rate | B26: deg/s | C26: 8.655 | D26: 8.128 | E26: 4.984 | F26: 2.853 | G26: 2.751 | H26: 0.37 | I26: 0.269 | J26: 0.245 | K26: 0.07 | L26: 0.062 | M26: =IFERROR((F26-E26)/E26,"") -> -0.42756822 | N26: =IFERROR((F26-G26)/G26,"") -> 0.037077426
A27: Rudder reversals | B27: 1/min | C27: 26.8 | D27: 26.6 | E27: 23.333 | F27: 22.933 | G27: 23.2 | H27: 1.538 | I27: 1.441 | J27: 0.667 | K27: 0.683 | L27: 0.65 | M27: =IFERROR((F27-E27)/E27,"") -> -0.017143102 | N27: =IFERROR((F27-G27)/G27,"") -> -0.011508621
A28: Motor effort int(u^2) | B28: duty^2*s | C28: 11.384 | D28: 10.784 | E28: 5.595 | F28: 3.447 | G28: 3.333 | H28: 0.64 | I28: 0.502 | J28: 0.236 | K28: 0.075 | L28: 0.064 | M28: =IFERROR((F28-E28)/E28,"") -> -0.38391421 | N28: =IFERROR((F28-G28)/G28,"") -> 0.03420342
A29: Fuzzy-MPC average move-suppression weight | B29: x fixed | F29: 2.28
A32: S3 Speed increase (design -> high speed), calm water (3 seed(s))
A33: Metric | B33: Unit | C33: PID mean | D33: Fuzzy-PID mean | E33: MPC mean | F33: Fuzzy-MPC mean | G33: MPC@avg mean | H33: PID sd | I33: Fuzzy-PID sd | J33: MPC sd | K33: Fuzzy-MPC sd | L33: MPC@avg sd | M33: Fuzzy-MPC vs MPC | N33: Fuzzy-MPC vs MPC@avg
A34: IAE of heading error | B34: deg*s | C34: 344.438 | D34: 316.395 | E34: 633.2 | F34: 727.23 | G34: 665.097 | H34: 1.47 | I34: 2.008 | J34: 6.593 | K34: 7.846 | L34: 6.04 | M34: =IFERROR((F34-E34)/E34,"") -> 0.14849968 | N34: =IFERROR((F34-G34)/G34,"") -> 0.093419456
A35: RMS heading error | B35: deg | C35: 5.125 | D35: 5.242 | E35: 6.043 | F35: 6.661 | G35: 6.196 | H35: 0.026 | I35: 0.028 | J35: 0.073 | K35: 0.041 | L35: 0.058 | M35: =IFERROR((F35-E35)/E35,"") -> 0.10226709 | N35: =IFERROR((F35-G35)/G35,"") -> 0.075048418
A36: RMS rudder angle | B36: deg | C36: 4.46 | D36: 4.276 | E36: 6.489 | F36: 7.272 | G36: 6.235 | H36: 0.006 | I36: 0.028 | J36: 0.048 | K36: 0.012 | L36: 0.027 | M36: =IFERROR((F36-E36)/E36,"") -> 0.12066574 | N36: =IFERROR((F36-G36)/G36,"") -> 0.16631917
A37: Mean rudder rate | B37: deg/s | C37: 1.775 | D37: 2.234 | E37: 2.644 | F37: 2.767 | G37: 2.222 | H37: 0.104 | I37: 0.051 | J37: 0.056 | K37: 0.052 | L37: 0.025 | M37: =IFERROR((F37-E37)/E37,"") -> 0.046520424 | N37: =IFERROR((F37-G37)/G37,"") -> 0.24527453
A38: Rudder reversals | B38: 1/min | C38: 29.333 | D38: 32.222 | E38: 19.444 | F38: 18.333 | G38: 18.111 | H38: 0.667 | I38: 0.77 | J38: 0.385 | K38: 0.333 | L38: 0.509 | M38: =IFERROR((F38-E38)/E38,"") -> -0.057138449 | N38: =IFERROR((F38-G38)/G38,"") -> 0.012257744
A39: Motor effort int(u^2) | B39: duty^2*s | C39: 3.801 | D39: 4.71 | E39: 3.743 | F39: 4.07 | G39: 3.217 | H39: 0.09 | I39: 0.099 | J39: 0.047 | K39: 0.059 | L39: 0.022 | M39: =IFERROR((F39-E39)/E39,"") -> 0.087363078 | N39: =IFERROR((F39-G39)/G39,"") -> 0.26515387
A40: Fuzzy-MPC average move-suppression weight | B40: x fixed | F40: 1.2
A42: Step response
A43: Step | B43: PID overshoot % | C43: Fuzzy-PID overshoot % | D43: MPC overshoot % | E43: Fuzzy-MPC overshoot % | F43: MPC@avg overshoot % | G43: PID settling s | H43: Fuzzy-PID settling s | I43: MPC settling s | J43: Fuzzy-MPC settling s | K43: MPC@avg settling s
A44: Step 1 (+30 deg @ 10 s) | B44: 11.8 | C44: 8.5 | D44: 5 | E44: 9.9 | F44: 4.2 | G44: 23.7 | H44: 18 | I44: 45.2 | J44: 42.9 | K44: 46.8
A45: Step 2 (-30 deg @ 110 s) | B45: 10.8 | C45: 8.5 | D45: 0 | E45: 0.1 | F45: 0 | G45: 22.7 | H45: 17.7 | I45: 59 | J45: 51.8 | K45: 59.9

Sheet Results_post_lag
A1: Controller comparison - AFTER the 20 s scheduled-weight lag
A2: Source: quick single-seed verification run (Octave). Not multi-seed: re-run in MATLAB with all seeds before quoting these.
A4: S1 Course changes, calm water (1 seed)
A5: Metric | B5: Unit | C5: PID | D5: Fuzzy-PID | E5: MPC | F5: Fuzzy-MPC | G5: MPC@avg | H5: Fuzzy-MPC vs MPC | I5: Fuzzy-MPC vs MPC@avg
A6: IAE of heading error | B6: deg*s | C6: 529.805 | D6: 483.316 | E6: 814.164 | F6: 817.003 | G6: 797.536 | H6: =IFERROR((F6-E6)/E6,"") -> 0.0034870124 | I6: =IFERROR((F6-G6)/G6,"") -> 0.02440893
A7: RMS heading error | B7: deg | C7: 6.464 | D7: 6.581 | E7: 7.124 | F7: 7.114 | G7: 7.069 | H7: =IFERROR((F7-E7)/E7,"") -> -0.0014037058 | I7: =IFERROR((F7-G7)/G7,"") -> 0.0063658226
A8: Mean rudder rate | B8: deg/s | C8: 1.493 | D8: 1.797 | E8: 2.215 | F8: 2.388 | G8: 2.305 | H8: =IFERROR((F8-E8)/E8,"") -> 0.078103837 | I8: =IFERROR((F8-G8)/G8,"") -> 0.036008677
A9: Fuzzy-MPC average move-suppression weight | B9: x fixed | F9: 0.92
A10: Wave-activity estimate (mean) | B10: deg/s | F10: 0.77
A12: Step | B12: PID overshoot % | C12: Fuzzy-PID overshoot % | D12: MPC overshoot % | E12: Fuzzy-MPC overshoot % | F12: MPC@avg overshoot % | G12: PID settling s | H12: Fuzzy-PID settling s | I12: MPC settling s | J12: Fuzzy-MPC settling s | K12: MPC@avg settling s
A13: Step 1 (+30 deg @ 5 s) | B13: 11.3 | C13: 8.5 | D13: 5 | E13: 5.7 | F13: 5.3 | G13: 23.4 | H13: 18.3 | I13: 48.5 | J13: 48.2 | K13: 48.6
A16: S2 Course keeping in waves + wind/current step (1 seed)
A17: Metric | B17: Unit | C17: PID | D17: Fuzzy-PID | E17: MPC | F17: Fuzzy-MPC | G17: MPC@avg | H17: Fuzzy-MPC vs MPC | I17: Fuzzy-MPC vs MPC@avg
A18: IAE of heading error | B18: deg*s | C18: 285.669 | D18: 287.133 | E18: 313.794 | F18: 286.101 | G18: 282.676 | H18: =IFERROR((F18-E18)/E18,"") -> -0.088252165 | I18: =IFERROR((F18-G18)/G18,"") -> 0.012116345
A19: RMS heading error | B19: deg | C19: 1.93 | D19: 1.946 | E19: 2.149 | F19: 1.963 | G19: 1.925 | H19: =IFERROR((F19-E19)/E19,"") -> -0.086551885 | I19: =IFERROR((F19-G19)/G19,"") -> 0.01974026
A20: Mean rudder rate | B20: deg/s | C20: 9.08 | D20: 8.449 | E20: 5.325 | F20: 2.903 | G20: 2.811 | H20: =IFERROR((F20-E20)/E20,"") -> -0.45483568 | I20: =IFERROR((F20-G20)/G20,"") -> 0.032728566
A21: Fuzzy-MPC average move-suppression weight | B21: x fixed | F21: 2.49
A22: Wave-activity estimate (mean) | B22: deg/s | F22: 1.51
